Designator,Footprint,Quantity,Value,LCSC Part #
"C1, C11, C4, C6",C_0805_2012Metric,4,10u,
"C10, C8, C9",C_0603_1608Metric,3,2.2u,
"C12, C14",C_0603_1608Metric,2,2.2n,
"C13, C5, C7",C_1210_3225Metric,3,100u,
"C2, C3",C_0805_2012Metric,2,1u,
"D1, D3, D4, D5, D6, D7",TVS_RCLAMP0502B.TCT,6,RCLAMP0582BQTCT,
D2,D_SOD-123F,1,MBR120,
F1,Fuse_1206_3216Metric,1,500ma,
J1,USB_C_Receptacle_JAE_DX07S016JA1R1500,1,USB_C_Receptacle_USB2.0,
J2,USB_A_Stewart_SS-52100-001_Horizontal,1,USB_A,
J3,RJ45_Amphenol_54602-x08_Horizontal,1,RJ45,
J4,PinHeader_2x03_P2.54mm_Vertical,1,Conn_02x03_Odd_Even,
J5,PinHeader_1x02_P2.54mm_Vertical,1,Conn_01x02_Female,
J6,SJ3523SMTTR,1,SJ-3523-SMT-TR,
J7,L77HDE15SD1CH4RHNVGA,1,DB15_Female_HighDensity_MountingHoles,
J8,PinHeader_1x03_P2.54mm_Vertical,1,Conn_01x03,
"R1, R2",R_1206_3216Metric,2,27.4,
"R10, R15, R22",R_1206_3216Metric,3,4.02k,
"R11, R16, R23",R_1206_3216Metric,3,8.06k,
"R12, R19, R7",R_1206_3216Metric,3,499,
"R13, R20, R8",R_1206_3216Metric,3,1k,
"R14, R21, R9",R_1206_3216Metric,3,2k,
"R17, R18",R_1206_3216Metric,2,470,
"R3, R4",R_1206_3216Metric,2,5.1k,
"R5, R6",R_1206_3216Metric,2,47,
SW1,SW_PUSH_6mm,1,BOOTSEL,
U1,RP2040_Stamp_THT,1,RP2040_Stamp,
U2,MSOP-10_3x3mm_P0.5mm,1,FSUSB42MUX,
U3,SOT-23-5,1,NCP163,
U4,TSSOP-20_4.4x6.5mm_P0.65mm,1,PCM5101APWR,
